seed,condition,estimator,reconciliation,frames,pairs,estimate_cpu_ms,reconcile_cpu_ms,total_cpu_ms,cpu_ms_per_pair,unscheduled_ms,median_err_px,p90_err_px,max_err_px,refused,saturation_pct,floor_pct
VID47_D3_1_09d20h00m,CLEAN,log-ratio Tukey+grad,CHAIN,48,47,2781,0,2781,59.170,20,0.7872,1.1134,1.2600,0,none,none
VID47_D3_1_09d20h00m,CLEAN,log-ratio Tukey+grad,RCC,48,209,11218,0,11218,53.675,197,0.0466,0.0875,0.1129,0,none,none
VID47_D3_1_09d20h00m,CLEAN,log-ratio Tukey+grad (no top 10%),CHAIN,48,47,3015,0,3015,64.149,71,0.1541,0.4391,0.4877,0,90.0,none
VID47_D3_1_09d20h00m,CLEAN,log-ratio Tukey+grad (no top 10%),RCC,48,209,12078,0,12078,57.789,145,0.0280,0.0566,0.0799,0,90.0,none
VID47_D3_1_09d20h00m,CLEAN,log-ratio Tukey+grad (no top 25%),CHAIN,48,47,2531,0,2531,53.851,29,0.4725,0.7565,0.8666,0,75.0,none
VID47_D3_1_09d20h00m,CLEAN,log-ratio Tukey+grad (no top 25%),RCC,48,209,11125,0,11125,53.230,149,0.0380,0.0729,0.1163,0,75.0,none
VID47_D3_1_09d20h00m,CLEAN,log-ratio Tukey+grad (no bottom 25%),CHAIN,48,47,2234,0,2234,47.532,18,1.6475,2.9227,3.7444,0,none,25.0
VID47_D3_1_09d20h00m,CLEAN,log-ratio Tukey+grad (no bottom 25%),RCC,48,209,10562,0,10562,50.536,127,0.2103,0.3644,0.5836,0,none,25.0
VID47_D3_1_09d20h00m,CLEAN,log-ratio Huber,CHAIN,48,47,2968,0,2968,63.149,26,0.4298,0.6736,0.8119,0,none,none
VID47_D3_1_09d20h00m,CLEAN,log-ratio Huber,RCC,48,209,11484,0,11484,54.947,80,0.0340,0.0573,0.0841,0,none,none
VID47_D3_1_09d20h00m,CLEAN,log-ratio least sq (Woods),CHAIN,48,47,3046,0,3046,64.809,44,0.2597,0.4309,0.5003,0,none,none
VID47_D3_1_09d20h00m,CLEAN,log-ratio least sq (Woods),RCC,48,209,12656,0,12656,60.555,71,0.0424,0.0638,0.0945,0,none,none
VID47_D3_1_09d20h00m,CLEAN,SSD no gain (StackReg family),CHAIN,48,47,2046,0,2046,43.532,30,0.3186,0.4726,0.5567,0,none,none
VID47_D3_1_09d20h00m,CLEAN,SSD no gain (StackReg family),RCC,48,209,8046,0,8046,38.498,156,0.0431,0.0639,0.0977,0,none,none
VID47_D3_1_09d20h00m,CLEAN,phase correlation,CHAIN,48,47,6656,0,6656,141.617,87,2.8627,3.5721,4.1472,0,none,none
VID47_D3_1_09d20h00m,CLEAN,phase correlation,RCC,48,209,28406,0,28406,135.914,358,0.1167,0.2445,0.3824,0,none,none
VID47_D3_1_09d20h00m,CLEAN,cross-correlation,CHAIN,48,47,5781,0,5781,123.000,203,2.9166,3.7099,4.2656,0,none,none
VID47_D3_1_09d20h00m,CLEAN,cross-correlation,RCC,48,209,24687,0,24687,118.120,350,0.1277,0.2888,0.4651,0,none,none
VID47_D3_1_09d20h00m,GAIN_FADE,log-ratio Tukey+grad,CHAIN,48,47,3531,0,3531,75.128,68,1.3465,1.7661,2.0105,0,none,none
VID47_D3_1_09d20h00m,GAIN_FADE,log-ratio Tukey+grad,RCC,48,209,17218,15,17233,82.455,210,0.0848,0.3169,0.5238,1,none,none
VID47_D3_1_09d20h00m,GAIN_FADE,log-ratio Tukey+grad (no top 10%),CHAIN,48,47,4890,0,4890,104.043,75,0.3314,1.4192,2.0552,0,90.0,none
VID47_D3_1_09d20h00m,GAIN_FADE,log-ratio Tukey+grad (no top 10%),RCC,48,209,21687,0,21687,103.766,402,0.0654,0.2701,0.3736,0,90.0,none
VID47_D3_1_09d20h00m,GAIN_FADE,log-ratio Tukey+grad (no top 25%),CHAIN,48,47,4093,0,4093,87.085,8,0.3994,1.9129,2.3311,0,75.0,none
VID47_D3_1_09d20h00m,GAIN_FADE,log-ratio Tukey+grad (no top 25%),RCC,48,209,17875,0,17875,85.526,346,0.0759,0.1870,0.3443,0,75.0,none
VID47_D3_1_09d20h00m,GAIN_FADE,log-ratio Tukey+grad (no bottom 25%),CHAIN,48,47,3250,0,3250,69.149,72,14.2334,39.0354,65.1957,0,none,25.0
VID47_D3_1_09d20h00m,GAIN_FADE,log-ratio Tukey+grad (no bottom 25%),RCC,48,209,14421,0,14421,69.000,300,1.6443,5.7966,11.6116,0,none,25.0
VID47_D3_1_09d20h00m,GAIN_FADE,log-ratio Huber,CHAIN,48,47,3390,0,3390,72.128,65,0.8312,1.1856,1.4610,0,none,none
VID47_D3_1_09d20h00m,GAIN_FADE,log-ratio Huber,RCC,48,209,16312,0,16312,78.048,368,0.0768,0.3212,0.4848,1,none,none
VID47_D3_1_09d20h00m,GAIN_FADE,log-ratio least sq (Woods),CHAIN,48,47,3671,0,3671,78.106,49,0.4083,0.8704,0.9980,0,none,none
VID47_D3_1_09d20h00m,GAIN_FADE,log-ratio least sq (Woods),RCC,48,209,15796,0,15796,75.579,200,0.0906,0.2519,0.6206,0,none,none
VID47_D3_1_09d20h00m,GAIN_FADE,SSD no gain (StackReg family),CHAIN,48,47,2500,0,2500,53.191,22,2.5483,6.9470,9.4462,0,none,none
VID47_D3_1_09d20h00m,GAIN_FADE,SSD no gain (StackReg family),RCC,48,209,13406,0,13406,64.144,126,23.6858,41.3225,44.8445,7,none,none
VID47_D3_1_09d20h00m,GAIN_FADE,phase correlation,CHAIN,48,47,7046,0,7046,149.915,25,2.9916,3.6756,4.3351,0,none,none
VID47_D3_1_09d20h00m,GAIN_FADE,phase correlation,RCC,48,209,29375,15,29390,140.622,301,0.1193,0.2522,0.4308,0,none,none
VID47_D3_1_09d20h00m,GAIN_FADE,cross-correlation,CHAIN,48,47,5609,0,5609,119.340,84,3.0420,3.7732,4.3839,0,none,none
VID47_D3_1_09d20h00m,GAIN_FADE,cross-correlation,RCC,48,209,24125,0,24125,115.431,151,0.1273,0.2896,0.4648,0,none,none
VID47_D3_1_09d20h00m,CHANGE_BLOCKS,log-ratio Tukey+grad,CHAIN,48,47,3765,0,3765,80.106,37,59.8041,71.7546,91.5425,1,none,none
VID47_D3_1_09d20h00m,CHANGE_BLOCKS,log-ratio Tukey+grad,RCC,48,209,17234,0,17234,82.459,228,7.7712,15.6248,22.5215,5,none,none
VID47_D3_1_09d20h00m,CHANGE_BLOCKS,log-ratio Tukey+grad (no top 10%),CHAIN,48,47,3312,0,3312,70.468,59,0.4208,0.6247,0.7834,0,90.0,none
VID47_D3_1_09d20h00m,CHANGE_BLOCKS,log-ratio Tukey+grad (no top 10%),RCC,48,209,14312,0,14312,68.478,146,0.0775,0.1706,0.7037,0,90.0,none
VID47_D3_1_09d20h00m,CHANGE_BLOCKS,log-ratio Tukey+grad (no top 25%),CHAIN,48,47,2703,0,2703,57.511,39,0.2360,0.3593,0.4439,0,75.0,none
VID47_D3_1_09d20h00m,CHANGE_BLOCKS,log-ratio Tukey+grad (no top 25%),RCC,48,209,12390,0,12390,59.282,99,0.0448,0.0829,0.1250,0,75.0,none
VID47_D3_1_09d20h00m,CHANGE_BLOCKS,log-ratio Tukey+grad (no bottom 25%),CHAIN,48,47,3640,0,3640,77.447,88,75.8388,156.4701,184.8060,1,none,25.0
VID47_D3_1_09d20h00m,CHANGE_BLOCKS,log-ratio Tukey+grad (no bottom 25%),RCC,48,209,16625,0,16625,79.545,269,25.4954,37.7876,43.6568,14,none,25.0
VID47_D3_1_09d20h00m,CHANGE_BLOCKS,log-ratio Huber,CHAIN,48,47,3937,0,3937,83.766,76,74.0629,97.7623,111.4515,1,none,none
VID47_D3_1_09d20h00m,CHANGE_BLOCKS,log-ratio Huber,RCC,48,209,15265,0,15265,73.038,217,10.1257,17.3229,23.9795,5,none,none
VID47_D3_1_09d20h00m,CHANGE_BLOCKS,log-ratio least sq (Woods),CHAIN,48,47,4984,0,4984,106.043,45,91.3331,127.2861,136.5556,3,none,none
VID47_D3_1_09d20h00m,CHANGE_BLOCKS,log-ratio least sq (Woods),RCC,48,209,21625,0,21625,103.469,313,11.5355,17.7560,23.7116,9,none,none
VID47_D3_1_09d20h00m,CHANGE_BLOCKS,SSD no gain (StackReg family),CHAIN,48,47,4234,0,4234,90.085,61,87.3886,119.1405,128.7517,3,none,none
VID47_D3_1_09d20h00m,CHANGE_BLOCKS,SSD no gain (StackReg family),RCC,48,209,14546,0,14546,69.598,311,11.8236,17.1115,24.1793,8,none,none
VID47_D3_1_09d20h00m,CHANGE_BLOCKS,phase correlation,CHAIN,48,47,6781,0,6781,144.277,98,3.3949,4.0768,4.7979,0,none,none
VID47_D3_1_09d20h00m,CHANGE_BLOCKS,phase correlation,RCC,48,209,31859,0,31859,152.435,453,0.1529,0.3231,0.4682,0,none,none
VID47_D3_1_09d20h00m,CHANGE_BLOCKS,cross-correlation,CHAIN,48,47,6187,0,6187,131.638,41,156.5678,274.5009,348.9468,0,none,none
VID47_D3_1_09d20h00m,CHANGE_BLOCKS,cross-correlation,RCC,48,209,26937,0,26937,128.885,249,39.5290,53.9920,82.7834,0,none,none
VID47_D3_1_09d20h00m,CHANGE_MOVED,log-ratio Tukey+grad,CHAIN,48,47,3562,0,3562,75.787,55,0.8875,1.2627,1.3975,0,none,none
VID47_D3_1_09d20h00m,CHANGE_MOVED,log-ratio Tukey+grad,RCC,48,209,16796,0,16796,80.364,200,0.0710,0.1305,0.2123,0,none,none
VID47_D3_1_09d20h00m,CHANGE_MOVED,log-ratio Tukey+grad (no top 10%),CHAIN,48,47,3734,0,3734,79.447,70,0.2517,0.3942,0.4785,0,90.0,none
VID47_D3_1_09d20h00m,CHANGE_MOVED,log-ratio Tukey+grad (no top 10%),RCC,48,209,16171,0,16171,77.373,216,0.0807,0.1271,0.1646,0,90.0,none
VID47_D3_1_09d20h00m,CHANGE_MOVED,log-ratio Tukey+grad (no top 25%),CHAIN,48,47,2984,0,2984,63.489,52,0.4268,0.7727,0.9062,0,75.0,none
VID47_D3_1_09d20h00m,CHANGE_MOVED,log-ratio Tukey+grad (no top 25%),RCC,48,209,13796,0,13796,66.010,218,0.1076,0.1523,0.2659,0,75.0,none
VID47_D3_1_09d20h00m,CHANGE_MOVED,log-ratio Tukey+grad (no bottom 25%),CHAIN,48,47,3171,0,3171,67.468,46,4.9235,7.1676,7.5396,0,none,25.0
VID47_D3_1_09d20h00m,CHANGE_MOVED,log-ratio Tukey+grad (no bottom 25%),RCC,48,209,13093,0,13093,62.646,144,0.4289,0.6913,0.9272,0,none,25.0
VID47_D3_1_09d20h00m,CHANGE_MOVED,log-ratio Huber,CHAIN,48,47,3359,0,3359,71.468,37,0.8184,1.0847,1.1242,0,none,none
VID47_D3_1_09d20h00m,CHANGE_MOVED,log-ratio Huber,RCC,48,209,16093,0,16093,77.000,240,0.0727,0.1163,0.1767,0,none,none
VID47_D3_1_09d20h00m,CHANGE_MOVED,log-ratio least sq (Woods),CHAIN,48,47,3125,0,3125,66.489,83,0.1411,0.2242,0.7247,0,none,none
VID47_D3_1_09d20h00m,CHANGE_MOVED,log-ratio least sq (Woods),RCC,48,209,13828,0,13828,66.163,85,0.1601,0.2381,0.5168,0,none,none
VID47_D3_1_09d20h00m,CHANGE_MOVED,SSD no gain (StackReg family),CHAIN,48,47,2234,0,2234,47.532,11,0.1248,0.2394,0.7832,0,none,none
VID47_D3_1_09d20h00m,CHANGE_MOVED,SSD no gain (StackReg family),RCC,48,209,10062,0,10062,48.144,201,0.2463,0.3298,0.5269,0,none,none
VID47_D3_1_09d20h00m,CHANGE_MOVED,phase correlation,CHAIN,48,47,7015,0,7015,149.255,33,2.7844,3.4665,4.0464,0,none,none
VID47_D3_1_09d20h00m,CHANGE_MOVED,phase correlation,RCC,48,209,31625,0,31625,151.316,341,0.1153,0.2334,0.4079,0,none,none
VID47_D3_1_09d20h00m,CHANGE_MOVED,cross-correlation,CHAIN,48,47,6078,0,6078,129.319,140,3.0212,3.7077,4.3610,0,none,none
VID47_D3_1_09d20h00m,CHANGE_MOVED,cross-correlation,RCC,48,209,26765,0,26765,128.062,326,0.1365,0.2945,0.5125,0,none,none
VID52_B6_1_02d00h00m,CLEAN,log-ratio Tukey+grad,CHAIN,48,47,3593,0,3593,76.447,33,0.1574,0.2793,0.3601,0,none,none
VID52_B6_1_02d00h00m,CLEAN,log-ratio Tukey+grad,RCC,48,209,15703,0,15703,75.134,776,0.0202,0.0382,0.0603,0,none,none
VID52_B6_1_02d00h00m,CLEAN,log-ratio Tukey+grad (no top 10%),CHAIN,48,47,3234,0,3234,68.809,124,0.1255,0.2928,0.3870,0,90.0,none
VID52_B6_1_02d00h00m,CLEAN,log-ratio Tukey+grad (no top 10%),RCC,48,209,13671,0,13671,65.411,288,0.0220,0.0373,0.0621,0,90.0,none
VID52_B6_1_02d00h00m,CLEAN,log-ratio Tukey+grad (no top 25%),CHAIN,48,47,2531,0,2531,53.851,127,0.0993,0.1959,0.2520,0,75.0,none
VID52_B6_1_02d00h00m,CLEAN,log-ratio Tukey+grad (no top 25%),RCC,48,209,11609,0,11609,55.545,438,0.0225,0.0385,0.0630,0,75.0,none
VID52_B6_1_02d00h00m,CLEAN,log-ratio Tukey+grad (no bottom 25%),CHAIN,48,47,2875,0,2875,61.170,28,0.7655,1.2735,1.9419,0,none,25.0
VID52_B6_1_02d00h00m,CLEAN,log-ratio Tukey+grad (no bottom 25%),RCC,48,209,13578,0,13578,64.967,91,0.1715,0.2397,0.5520,0,none,25.0
VID52_B6_1_02d00h00m,CLEAN,log-ratio Huber,CHAIN,48,47,3531,0,3531,75.128,22,0.1167,0.2142,0.3047,0,none,none
VID52_B6_1_02d00h00m,CLEAN,log-ratio Huber,RCC,48,209,15000,0,15000,71.770,166,0.0357,0.0570,0.0788,0,none,none
VID52_B6_1_02d00h00m,CLEAN,log-ratio least sq (Woods),CHAIN,48,47,3015,0,3015,64.149,48,0.1713,0.3614,0.4432,0,none,none
VID52_B6_1_02d00h00m,CLEAN,log-ratio least sq (Woods),RCC,48,209,13656,0,13656,65.340,349,0.0621,0.0816,0.0984,0,none,none
VID52_B6_1_02d00h00m,CLEAN,SSD no gain (StackReg family),CHAIN,48,47,2093,0,2093,44.532,74,0.1683,0.3581,0.4397,0,none,none
VID52_B6_1_02d00h00m,CLEAN,SSD no gain (StackReg family),RCC,48,209,8843,0,8843,42.311,415,0.0619,0.0811,0.0985,0,none,none
VID52_B6_1_02d00h00m,CLEAN,phase correlation,CHAIN,48,47,6796,0,6796,144.596,467,0.4863,1.0682,1.1859,0,none,none
VID52_B6_1_02d00h00m,CLEAN,phase correlation,RCC,48,209,30640,0,30640,146.603,302,0.1231,0.2822,0.3612,0,none,none
VID52_B6_1_02d00h00m,CLEAN,cross-correlation,CHAIN,48,47,5156,0,5156,109.702,36,0.5290,1.2902,1.4127,0,none,none
VID52_B6_1_02d00h00m,CLEAN,cross-correlation,RCC,48,209,22859,0,22859,109.373,175,0.1341,0.3104,0.3958,0,none,none
VID52_B6_1_02d00h00m,GAIN_FADE,log-ratio Tukey+grad,CHAIN,48,47,3796,0,3796,80.766,56,0.3097,0.4632,0.5352,0,none,none
VID52_B6_1_02d00h00m,GAIN_FADE,log-ratio Tukey+grad,RCC,48,209,15593,0,15593,74.608,149,0.0309,0.0772,0.1985,1,none,none
VID52_B6_1_02d00h00m,GAIN_FADE,log-ratio Tukey+grad (no top 10%),CHAIN,48,47,3984,0,3984,84.766,103,0.3211,0.5271,0.8239,0,90.0,none
VID52_B6_1_02d00h00m,GAIN_FADE,log-ratio Tukey+grad (no top 10%),RCC,48,209,18343,0,18343,87.766,362,0.0367,0.0803,0.2025,0,90.0,none
VID52_B6_1_02d00h00m,GAIN_FADE,log-ratio Tukey+grad (no top 25%),CHAIN,48,47,3234,0,3234,68.809,11,0.2061,1.0232,1.4858,0,75.0,none
VID52_B6_1_02d00h00m,GAIN_FADE,log-ratio Tukey+grad (no top 25%),RCC,48,209,14796,0,14796,70.794,230,0.0397,0.0717,0.1828,0,75.0,none
VID52_B6_1_02d00h00m,GAIN_FADE,log-ratio Tukey+grad (no bottom 25%),CHAIN,48,47,3171,0,3171,67.468,47,4.4892,13.0056,19.8951,0,none,25.0
VID52_B6_1_02d00h00m,GAIN_FADE,log-ratio Tukey+grad (no bottom 25%),RCC,48,209,14781,0,14781,70.722,155,0.6610,1.6629,3.8965,0,none,25.0
VID52_B6_1_02d00h00m,GAIN_FADE,log-ratio Huber,CHAIN,48,47,4328,0,4328,92.085,50,0.1826,0.2809,0.3425,0,none,none
VID52_B6_1_02d00h00m,GAIN_FADE,log-ratio Huber,RCC,48,209,18578,0,18578,88.890,249,0.0421,0.0817,0.1354,2,none,none
VID52_B6_1_02d00h00m,GAIN_FADE,log-ratio least sq (Woods),CHAIN,48,47,3703,0,3703,78.787,63,0.1804,0.4700,0.6145,0,none,none
VID52_B6_1_02d00h00m,GAIN_FADE,log-ratio least sq (Woods),RCC,48,209,15687,0,15687,75.057,229,0.0706,0.1292,0.1330,0,none,none
VID52_B6_1_02d00h00m,GAIN_FADE,SSD no gain (StackReg family),CHAIN,48,47,2234,0,2234,47.532,36,0.1657,0.3157,0.4874,0,none,none
VID52_B6_1_02d00h00m,GAIN_FADE,SSD no gain (StackReg family),RCC,48,209,10140,0,10140,48.517,55,0.0792,0.2342,0.4317,0,none,none
VID52_B6_1_02d00h00m,GAIN_FADE,phase correlation,CHAIN,48,47,6828,0,6828,145.277,37,0.4626,1.0770,1.1982,0,none,none
VID52_B6_1_02d00h00m,GAIN_FADE,phase correlation,RCC,48,209,30640,0,30640,146.603,185,0.1236,0.2873,0.3684,0,none,none
VID52_B6_1_02d00h00m,GAIN_FADE,cross-correlation,CHAIN,48,47,5828,0,5828,124.000,53,0.5502,1.3342,1.4949,0,none,none
VID52_B6_1_02d00h00m,GAIN_FADE,cross-correlation,RCC,48,209,23218,0,23218,111.091,204,0.1074,0.2781,0.3569,0,none,none
VID52_B6_1_02d00h00m,CHANGE_BLOCKS,log-ratio Tukey+grad,CHAIN,48,47,4343,0,4343,92.404,73,7.7646,14.4826,18.1383,3,none,none
VID52_B6_1_02d00h00m,CHANGE_BLOCKS,log-ratio Tukey+grad,RCC,48,209,19531,0,19531,93.450,162,1.7981,3.7634,5.2733,3,none,none
VID52_B6_1_02d00h00m,CHANGE_BLOCKS,log-ratio Tukey+grad (no top 10%),CHAIN,48,47,3359,0,3359,71.468,30,0.3329,0.4319,0.5157,0,90.0,none
VID52_B6_1_02d00h00m,CHANGE_BLOCKS,log-ratio Tukey+grad (no top 10%),RCC,48,209,13312,15,13327,63.766,136,0.0411,0.0608,0.1019,0,90.0,none
VID52_B6_1_02d00h00m,CHANGE_BLOCKS,log-ratio Tukey+grad (no top 25%),CHAIN,48,47,2656,0,2656,56.511,4,0.1584,0.3091,0.4509,0,75.0,none
VID52_B6_1_02d00h00m,CHANGE_BLOCKS,log-ratio Tukey+grad (no top 25%),RCC,48,209,12046,0,12046,57.636,150,0.0241,0.0430,0.0757,0,75.0,none
VID52_B6_1_02d00h00m,CHANGE_BLOCKS,log-ratio Tukey+grad (no bottom 25%),CHAIN,48,47,3750,0,3750,79.787,20,143.2353,179.6333,198.4652,1,none,25.0
VID52_B6_1_02d00h00m,CHANGE_BLOCKS,log-ratio Tukey+grad (no bottom 25%),RCC,48,209,15640,0,15640,74.833,99,10.8176,22.5524,35.8458,6,none,25.0
VID52_B6_1_02d00h00m,CHANGE_BLOCKS,log-ratio Huber,CHAIN,48,47,4750,0,4750,101.064,38,7.6463,22.3140,27.7663,1,none,none
VID52_B6_1_02d00h00m,CHANGE_BLOCKS,log-ratio Huber,RCC,48,209,17937,0,17937,85.823,140,2.6841,4.0116,6.1141,2,none,none
VID52_B6_1_02d00h00m,CHANGE_BLOCKS,log-ratio least sq (Woods),CHAIN,48,47,5250,0,5250,111.702,53,11.2595,21.8293,23.9246,3,none,none
VID52_B6_1_02d00h00m,CHANGE_BLOCKS,log-ratio least sq (Woods),RCC,48,209,24625,0,24625,117.823,164,2.8451,4.1055,6.3420,14,none,none
VID52_B6_1_02d00h00m,CHANGE_BLOCKS,SSD no gain (StackReg family),CHAIN,48,47,3250,0,3250,69.149,23,10.9221,21.6960,23.9353,3,none,none
VID52_B6_1_02d00h00m,CHANGE_BLOCKS,SSD no gain (StackReg family),RCC,48,209,15703,0,15703,75.134,100,2.9147,4.1888,6.5054,11,none,none
VID52_B6_1_02d00h00m,CHANGE_BLOCKS,phase correlation,CHAIN,48,47,7218,0,7218,153.574,41,0.6371,1.4376,1.6001,0,none,none
VID52_B6_1_02d00h00m,CHANGE_BLOCKS,phase correlation,RCC,48,209,32265,0,32265,154.378,247,0.1460,0.2902,0.3319,0,none,none
VID52_B6_1_02d00h00m,CHANGE_BLOCKS,cross-correlation,CHAIN,48,47,5890,0,5890,125.319,71,121.7141,163.2493,206.2117,0,none,none
VID52_B6_1_02d00h00m,CHANGE_BLOCKS,cross-correlation,RCC,48,209,22953,0,22953,109.823,234,16.3463,26.0423,34.9130,0,none,none
VID52_B6_1_02d00h00m,CHANGE_MOVED,log-ratio Tukey+grad,CHAIN,48,47,3609,0,3609,76.787,84,0.1409,0.2736,0.3158,0,none,none
VID52_B6_1_02d00h00m,CHANGE_MOVED,log-ratio Tukey+grad,RCC,48,209,15609,0,15609,74.684,226,0.0315,0.0516,0.0784,0,none,none
VID52_B6_1_02d00h00m,CHANGE_MOVED,log-ratio Tukey+grad (no top 10%),CHAIN,48,47,3312,0,3312,70.468,26,0.1690,0.3042,0.4308,0,90.0,none
VID52_B6_1_02d00h00m,CHANGE_MOVED,log-ratio Tukey+grad (no top 10%),RCC,48,209,14546,0,14546,69.598,152,0.0281,0.0602,0.0865,0,90.0,none
VID52_B6_1_02d00h00m,CHANGE_MOVED,log-ratio Tukey+grad (no top 25%),CHAIN,48,47,2734,0,2734,58.170,17,0.1550,0.3052,0.3836,0,75.0,none
VID52_B6_1_02d00h00m,CHANGE_MOVED,log-ratio Tukey+grad (no top 25%),RCC,48,209,11984,0,11984,57.340,124,0.0330,0.0510,0.0853,0,75.0,none
VID52_B6_1_02d00h00m,CHANGE_MOVED,log-ratio Tukey+grad (no bottom 25%),CHAIN,48,47,2859,0,2859,60.830,223,1.2836,2.5889,2.9734,0,none,25.0
VID52_B6_1_02d00h00m,CHANGE_MOVED,log-ratio Tukey+grad (no bottom 25%),RCC,48,209,13140,0,13140,62.871,220,0.2526,0.3957,0.5787,0,none,25.0
VID52_B6_1_02d00h00m,CHANGE_MOVED,log-ratio Huber,CHAIN,48,47,3265,0,3265,69.468,11,0.2977,0.4541,0.5611,0,none,none
VID52_B6_1_02d00h00m,CHANGE_MOVED,log-ratio Huber,RCC,48,209,14343,0,14343,68.627,145,0.0416,0.0872,0.1472,0,none,none
VID52_B6_1_02d00h00m,CHANGE_MOVED,log-ratio least sq (Woods),CHAIN,48,47,3093,0,3093,65.809,12,0.3524,0.6422,0.8976,0,none,none
VID52_B6_1_02d00h00m,CHANGE_MOVED,log-ratio least sq (Woods),RCC,48,209,13843,0,13843,66.234,397,0.0897,0.1417,0.2563,0,none,none
VID52_B6_1_02d00h00m,CHANGE_MOVED,SSD no gain (StackReg family),CHAIN,48,47,1968,0,1968,41.872,142,0.3529,0.6417,0.8971,0,none,none
VID52_B6_1_02d00h00m,CHANGE_MOVED,SSD no gain (StackReg family),RCC,48,209,9562,0,9562,45.751,235,0.0905,0.1431,0.2564,0,none,none
VID52_B6_1_02d00h00m,CHANGE_MOVED,phase correlation,CHAIN,48,47,7015,0,7015,149.255,140,0.4808,1.0628,1.1728,0,none,none
VID52_B6_1_02d00h00m,CHANGE_MOVED,phase correlation,RCC,48,209,27953,0,27953,133.746,390,0.1346,0.2908,0.3672,0,none,none
VID52_B6_1_02d00h00m,CHANGE_MOVED,cross-correlation,CHAIN,48,47,4359,0,4359,92.745,62,0.5190,1.2989,1.4075,0,none,none
VID52_B6_1_02d00h00m,CHANGE_MOVED,cross-correlation,RCC,48,209,24281,15,24296,116.249,181,0.1324,0.3068,0.4025,0,none,none
VID52_C3_1_02d00h00m,CLEAN,log-ratio Tukey+grad,CHAIN,48,47,3062,0,3062,65.149,6,0.4524,0.6613,0.7197,0,none,none
VID52_C3_1_02d00h00m,CLEAN,log-ratio Tukey+grad,RCC,48,209,14875,0,14875,71.172,182,0.0402,0.0748,0.0928,0,none,none
VID52_C3_1_02d00h00m,CLEAN,log-ratio Tukey+grad (no top 10%),CHAIN,48,47,2984,0,2984,63.489,13,0.6135,0.7511,0.8296,0,90.0,none
VID52_C3_1_02d00h00m,CLEAN,log-ratio Tukey+grad (no top 10%),RCC,48,209,13093,0,13093,62.646,57,0.0373,0.0558,0.0731,0,90.0,none
VID52_C3_1_02d00h00m,CLEAN,log-ratio Tukey+grad (no top 25%),CHAIN,48,47,2390,0,2390,50.851,0,0.4422,0.6239,0.6694,0,75.0,none
VID52_C3_1_02d00h00m,CLEAN,log-ratio Tukey+grad (no top 25%),RCC,48,209,11062,0,11062,52.928,29,0.0322,0.0540,0.0765,0,75.0,none
VID52_C3_1_02d00h00m,CLEAN,log-ratio Tukey+grad (no bottom 25%),CHAIN,48,47,2890,0,2890,61.489,9,0.7197,1.3636,2.5273,0,none,25.0
VID52_C3_1_02d00h00m,CLEAN,log-ratio Tukey+grad (no bottom 25%),RCC,48,209,11984,0,11984,57.340,96,0.3935,0.5347,0.6741,0,none,25.0
VID52_C3_1_02d00h00m,CLEAN,log-ratio Huber,CHAIN,48,47,2828,0,2828,60.170,20,0.5814,0.7433,0.8097,0,none,none
VID52_C3_1_02d00h00m,CLEAN,log-ratio Huber,RCC,48,209,13171,0,13171,63.019,57,0.0562,0.0842,0.1096,0,none,none
VID52_C3_1_02d00h00m,CLEAN,log-ratio least sq (Woods),CHAIN,48,47,2578,0,2578,54.851,19,0.4117,0.6067,0.6806,0,none,none
VID52_C3_1_02d00h00m,CLEAN,log-ratio least sq (Woods),RCC,48,209,11156,0,11156,53.378,59,0.0414,0.0712,0.0974,0,none,none
VID52_C3_1_02d00h00m,CLEAN,SSD no gain (StackReg family),CHAIN,48,47,1546,0,1546,32.894,36,0.4049,0.6004,0.6761,0,none,none
VID52_C3_1_02d00h00m,CLEAN,SSD no gain (StackReg family),RCC,48,209,7296,0,7296,34.909,127,0.0415,0.0712,0.0980,0,none,none
VID52_C3_1_02d00h00m,CLEAN,phase correlation,CHAIN,48,47,6343,0,6343,134.957,139,0.9171,1.9273,2.0823,0,none,none
VID52_C3_1_02d00h00m,CLEAN,phase correlation,RCC,48,209,29437,0,29437,140.847,360,0.0895,0.1744,0.2131,0,none,none
VID52_C3_1_02d00h00m,CLEAN,cross-correlation,CHAIN,48,47,5718,0,5718,121.660,34,1.0882,2.2488,2.4335,0,none,none
VID52_C3_1_02d00h00m,CLEAN,cross-correlation,RCC,48,209,22468,0,22468,107.502,430,0.1199,0.2626,0.3332,0,none,none
VID52_C3_1_02d00h00m,GAIN_FADE,log-ratio Tukey+grad,CHAIN,48,47,3859,0,3859,82.106,93,0.1167,0.2287,0.4634,0,none,none
VID52_C3_1_02d00h00m,GAIN_FADE,log-ratio Tukey+grad,RCC,48,209,16765,0,16765,80.215,206,0.0564,0.0955,0.1784,3,none,none
VID52_C3_1_02d00h00m,GAIN_FADE,log-ratio Tukey+grad (no top 10%),CHAIN,48,47,4187,0,4187,89.085,55,0.3718,0.5817,0.7457,0,90.0,none
VID52_C3_1_02d00h00m,GAIN_FADE,log-ratio Tukey+grad (no top 10%),RCC,48,209,19515,0,19515,93.373,340,0.0440,0.0994,0.2177,0,90.0,none
VID52_C3_1_02d00h00m,GAIN_FADE,log-ratio Tukey+grad (no top 25%),CHAIN,48,47,3765,0,3765,80.106,46,0.4777,1.1248,1.2830,0,75.0,none
VID52_C3_1_02d00h00m,GAIN_FADE,log-ratio Tukey+grad (no top 25%),RCC,48,209,16406,0,16406,78.498,306,0.0642,0.1361,0.2382,0,75.0,none
VID52_C3_1_02d00h00m,GAIN_FADE,log-ratio Tukey+grad (no bottom 25%),CHAIN,48,47,3062,0,3062,65.149,66,4.3929,51.0717,99.2920,0,none,25.0
VID52_C3_1_02d00h00m,GAIN_FADE,log-ratio Tukey+grad (no bottom 25%),RCC,48,209,14078,0,14078,67.359,124,0.8385,4.2137,12.0135,0,none,25.0
VID52_C3_1_02d00h00m,GAIN_FADE,log-ratio Huber,CHAIN,48,47,3468,0,3468,73.787,32,0.5004,0.7564,0.8876,0,none,none
VID52_C3_1_02d00h00m,GAIN_FADE,log-ratio Huber,RCC,48,209,16156,0,16156,77.301,246,0.0705,0.1148,0.2092,2,none,none
VID52_C3_1_02d00h00m,GAIN_FADE,log-ratio least sq (Woods),CHAIN,48,47,3046,0,3046,64.809,2,0.2825,0.5198,0.7565,0,none,none
VID52_C3_1_02d00h00m,GAIN_FADE,log-ratio least sq (Woods),RCC,48,209,14015,0,14015,67.057,174,0.0806,0.1356,0.3112,0,none,none
VID52_C3_1_02d00h00m,GAIN_FADE,SSD no gain (StackReg family),CHAIN,48,47,2125,0,2125,45.213,4,0.2014,0.3664,0.5601,0,none,none
VID52_C3_1_02d00h00m,GAIN_FADE,SSD no gain (StackReg family),RCC,48,209,9781,0,9781,46.799,136,0.1217,0.2641,0.3304,0,none,none
VID52_C3_1_02d00h00m,GAIN_FADE,phase correlation,CHAIN,48,47,6718,0,6718,142.936,124,0.9541,2.0794,2.2279,0,none,none
VID52_C3_1_02d00h00m,GAIN_FADE,phase correlation,RCC,48,209,30625,0,30625,146.531,346,0.0893,0.1815,0.2419,0,none,none
VID52_C3_1_02d00h00m,GAIN_FADE,cross-correlation,CHAIN,48,47,6000,0,6000,127.660,77,0.6768,1.3166,1.4774,0,none,none
VID52_C3_1_02d00h00m,GAIN_FADE,cross-correlation,RCC,48,209,24234,0,24234,115.952,247,0.0910,0.1967,0.2417,0,none,none
VID52_C3_1_02d00h00m,CHANGE_BLOCKS,log-ratio Tukey+grad,CHAIN,48,47,4750,0,4750,101.064,89,5.5616,16.5096,22.9258,1,none,none
VID52_C3_1_02d00h00m,CHANGE_BLOCKS,log-ratio Tukey+grad,RCC,48,209,19578,0,19578,93.675,209,4.6947,6.4233,8.6971,2,none,none
VID52_C3_1_02d00h00m,CHANGE_BLOCKS,log-ratio Tukey+grad (no top 10%),CHAIN,48,47,3031,0,3031,64.489,22,0.1726,0.2812,0.3779,0,90.0,none
VID52_C3_1_02d00h00m,CHANGE_BLOCKS,log-ratio Tukey+grad (no top 10%),RCC,48,209,13703,0,13703,65.565,169,0.0470,0.0761,0.1084,0,90.0,none
VID52_C3_1_02d00h00m,CHANGE_BLOCKS,log-ratio Tukey+grad (no top 25%),CHAIN,48,47,2531,0,2531,53.851,8,0.4918,0.6736,0.7332,0,75.0,none
VID52_C3_1_02d00h00m,CHANGE_BLOCKS,log-ratio Tukey+grad (no top 25%),RCC,48,209,11765,0,11765,56.292,177,0.0382,0.0552,0.0953,0,75.0,none
VID52_C3_1_02d00h00m,CHANGE_BLOCKS,log-ratio Tukey+grad (no bottom 25%),CHAIN,48,47,3375,0,3375,71.809,80,69.3567,105.1646,112.1655,0,none,25.0
VID52_C3_1_02d00h00m,CHANGE_BLOCKS,log-ratio Tukey+grad (no bottom 25%),RCC,48,209,15421,0,15421,73.785,185,11.5396,26.2976,33.6549,11,none,25.0
VID52_C3_1_02d00h00m,CHANGE_BLOCKS,log-ratio Huber,CHAIN,48,47,4312,0,4312,91.745,68,10.8452,16.8425,20.7174,0,none,none
VID52_C3_1_02d00h00m,CHANGE_BLOCKS,log-ratio Huber,RCC,48,209,18281,0,18281,87.469,265,4.3148,6.1490,8.2566,1,none,none
VID52_C3_1_02d00h00m,CHANGE_BLOCKS,log-ratio least sq (Woods),CHAIN,48,47,6484,0,6484,137.957,95,15.2626,22.4255,28.7074,6,none,none
VID52_C3_1_02d00h00m,CHANGE_BLOCKS,log-ratio least sq (Woods),RCC,48,209,22421,0,22421,107.278,333,6.0880,8.5884,10.1062,12,none,none
VID52_C3_1_02d00h00m,CHANGE_BLOCKS,SSD no gain (StackReg family),CHAIN,48,47,3703,0,3703,78.787,0,15.4407,21.8477,28.0765,4,none,none
VID52_C3_1_02d00h00m,CHANGE_BLOCKS,SSD no gain (StackReg family),RCC,48,209,14390,0,14390,68.852,105,6.1107,8.6812,10.1819,10,none,none
VID52_C3_1_02d00h00m,CHANGE_BLOCKS,phase correlation,CHAIN,48,47,6281,0,6281,133.638,0,0.7703,1.2742,1.5472,0,none,none
VID52_C3_1_02d00h00m,CHANGE_BLOCKS,phase correlation,RCC,48,209,28593,15,28608,136.880,258,0.1111,0.2172,0.4169,0,none,none
VID52_C3_1_02d00h00m,CHANGE_BLOCKS,cross-correlation,CHAIN,48,47,4640,0,4640,98.723,39,193.7978,290.4695,355.4167,0,none,none
VID52_C3_1_02d00h00m,CHANGE_BLOCKS,cross-correlation,RCC,48,209,23984,0,23984,114.756,266,38.5119,52.2622,72.4081,0,none,none
VID52_C3_1_02d00h00m,CHANGE_MOVED,log-ratio Tukey+grad,CHAIN,48,47,3437,0,3437,73.128,12,0.1167,0.2146,0.3876,0,none,none
VID52_C3_1_02d00h00m,CHANGE_MOVED,log-ratio Tukey+grad,RCC,48,209,16375,0,16375,78.349,295,0.0462,0.0655,0.0982,0,none,none
VID52_C3_1_02d00h00m,CHANGE_MOVED,log-ratio Tukey+grad (no top 10%),CHAIN,48,47,3421,0,3421,72.787,37,0.6382,0.9135,1.0256,0,90.0,none
VID52_C3_1_02d00h00m,CHANGE_MOVED,log-ratio Tukey+grad (no top 10%),RCC,48,209,14343,0,14343,68.627,107,0.0688,0.1025,0.1297,0,90.0,none
VID52_C3_1_02d00h00m,CHANGE_MOVED,log-ratio Tukey+grad (no top 25%),CHAIN,48,47,2796,0,2796,59.489,55,0.4857,0.8339,0.9641,0,75.0,none
VID52_C3_1_02d00h00m,CHANGE_MOVED,log-ratio Tukey+grad (no top 25%),RCC,48,209,12562,0,12562,60.105,296,0.0817,0.1229,0.1654,0,75.0,none
VID52_C3_1_02d00h00m,CHANGE_MOVED,log-ratio Tukey+grad (no bottom 25%),CHAIN,48,47,2656,0,2656,56.511,76,1.8308,2.7260,3.5213,0,none,25.0
VID52_C3_1_02d00h00m,CHANGE_MOVED,log-ratio Tukey+grad (no bottom 25%),RCC,48,209,13062,0,13062,62.498,213,0.2524,0.5193,0.7910,0,none,25.0
VID52_C3_1_02d00h00m,CHANGE_MOVED,log-ratio Huber,CHAIN,48,47,3421,0,3421,72.787,17,0.4087,0.6830,0.8057,0,none,none
VID52_C3_1_02d00h00m,CHANGE_MOVED,log-ratio Huber,RCC,48,209,14156,0,14156,67.732,37,0.0775,0.0988,0.1698,0,none,none
VID52_C3_1_02d00h00m,CHANGE_MOVED,log-ratio least sq (Woods),CHAIN,48,47,2921,0,2921,62.149,20,0.4538,1.2338,1.3248,0,none,none
VID52_C3_1_02d00h00m,CHANGE_MOVED,log-ratio least sq (Woods),RCC,48,209,13906,0,13906,66.536,66,0.1148,0.2027,0.3734,0,none,none
VID52_C3_1_02d00h00m,CHANGE_MOVED,SSD no gain (StackReg family),CHAIN,48,47,2187,0,2187,46.532,8,0.4599,1.2409,1.3319,0,none,none
VID52_C3_1_02d00h00m,CHANGE_MOVED,SSD no gain (StackReg family),RCC,48,209,9843,0,9843,47.096,67,0.1145,0.2027,0.3729,0,none,none
VID52_C3_1_02d00h00m,CHANGE_MOVED,phase correlation,CHAIN,48,47,6687,0,6687,142.277,44,0.9620,1.9569,2.1201,0,none,none
VID52_C3_1_02d00h00m,CHANGE_MOVED,phase correlation,RCC,48,209,29781,0,29781,142.493,249,0.0910,0.1826,0.2390,0,none,none
VID52_C3_1_02d00h00m,CHANGE_MOVED,cross-correlation,CHAIN,48,47,5156,0,5156,109.702,7,0.6838,1.1910,1.3113,0,none,none
VID52_C3_1_02d00h00m,CHANGE_MOVED,cross-correlation,RCC,48,209,23671,0,23671,113.258,121,0.1158,0.2212,0.2881,0,none,none
