seed,condition,estimator,reconciliation,saturation_pct,pairs,total_cpu_ms,cpu_ms_per_pair,unscheduled_ms,median_err_px,p90_err_px,max_err_px,refused
VID47_D3_1_09d20h00m,CLEAN,log-ratio Tukey+grad,CHAIN,95.0,47,3312,70.468,56,0.4840,0.7342,0.8360,0
VID52_B6_1_02d00h00m,CLEAN,log-ratio Tukey+grad,CHAIN,95.0,47,3015,64.149,52,0.1626,0.2475,0.2770,0
VID52_C3_1_02d00h00m,CLEAN,log-ratio Tukey+grad,CHAIN,95.0,47,2343,49.851,37,0.5438,0.6881,0.7359,0
VID47_D3_1_09d20h00m,CLEAN,log-ratio Tukey+grad,CHAIN,90.0,47,3000,63.830,52,0.1541,0.4391,0.4877,0
VID52_B6_1_02d00h00m,CLEAN,log-ratio Tukey+grad,CHAIN,90.0,47,2859,60.830,10,0.1255,0.2928,0.3870,0
VID52_C3_1_02d00h00m,CLEAN,log-ratio Tukey+grad,CHAIN,90.0,47,2859,60.830,0,0.6135,0.7511,0.8296,0
VID47_D3_1_09d20h00m,CLEAN,log-ratio Tukey+grad,CHAIN,85.0,47,3078,65.489,146,0.1214,0.4123,0.5112,0
VID52_B6_1_02d00h00m,CLEAN,log-ratio Tukey+grad,CHAIN,85.0,47,2609,55.511,54,0.3257,0.5026,0.5957,0
VID52_C3_1_02d00h00m,CLEAN,log-ratio Tukey+grad,CHAIN,85.0,47,2718,57.830,128,0.5332,0.7037,0.7732,0
VID47_D3_1_09d20h00m,CLEAN,log-ratio Tukey+grad,CHAIN,none,47,2828,60.170,50,0.7872,1.1134,1.2600,0
VID52_B6_1_02d00h00m,CLEAN,log-ratio Tukey+grad,CHAIN,none,47,2812,59.830,46,0.1574,0.2793,0.3601,0
VID52_C3_1_02d00h00m,CLEAN,log-ratio Tukey+grad,CHAIN,none,47,2765,58.830,33,0.4524,0.6613,0.7197,0
VID47_D3_1_09d20h00m,CLEAN,log-ratio Tukey+grad,RCC,95.0,209,13500,64.593,448,0.0443,0.0637,0.0994,0
VID52_B6_1_02d00h00m,CLEAN,log-ratio Tukey+grad,RCC,95.0,209,12703,60.780,109,0.0198,0.0357,0.0711,0
VID52_C3_1_02d00h00m,CLEAN,log-ratio Tukey+grad,RCC,95.0,209,11405,54.569,108,0.0316,0.0462,0.0604,0
VID47_D3_1_09d20h00m,CLEAN,log-ratio Tukey+grad,RCC,90.0,209,13031,62.349,309,0.0280,0.0566,0.0799,0
VID52_B6_1_02d00h00m,CLEAN,log-ratio Tukey+grad,RCC,90.0,209,11858,56.737,249,0.0220,0.0373,0.0621,0
VID52_C3_1_02d00h00m,CLEAN,log-ratio Tukey+grad,RCC,90.0,209,12390,59.282,279,0.0373,0.0558,0.0731,0
VID47_D3_1_09d20h00m,CLEAN,log-ratio Tukey+grad,RCC,85.0,209,12500,59.809,396,0.0402,0.0645,0.0871,0
VID52_B6_1_02d00h00m,CLEAN,log-ratio Tukey+grad,RCC,85.0,209,11390,54.498,270,0.0208,0.0400,0.0586,0
VID52_C3_1_02d00h00m,CLEAN,log-ratio Tukey+grad,RCC,85.0,209,12406,59.359,407,0.0345,0.0615,0.0883,0
VID47_D3_1_09d20h00m,CLEAN,log-ratio Tukey+grad,RCC,none,209,13390,64.067,204,0.0466,0.0875,0.1129,0
VID52_B6_1_02d00h00m,CLEAN,log-ratio Tukey+grad,RCC,none,209,12812,61.301,86,0.0202,0.0382,0.0603,0
VID52_C3_1_02d00h00m,CLEAN,log-ratio Tukey+grad,RCC,none,209,12750,61.005,307,0.0402,0.0748,0.0928,0
VID47_D3_1_09d20h00m,GAIN_FADE,log-ratio Tukey+grad,CHAIN,95.0,47,4265,90.745,12,0.2321,1.0151,1.6840,0
VID52_B6_1_02d00h00m,GAIN_FADE,log-ratio Tukey+grad,CHAIN,95.0,47,3734,79.447,29,0.2604,0.4022,0.6483,0
VID52_C3_1_02d00h00m,GAIN_FADE,log-ratio Tukey+grad,CHAIN,95.0,47,3921,83.426,256,0.2378,0.4287,0.5826,0
VID47_D3_1_09d20h00m,GAIN_FADE,log-ratio Tukey+grad,CHAIN,90.0,47,4515,96.064,315,0.3314,1.4192,2.0552,0
VID52_B6_1_02d00h00m,GAIN_FADE,log-ratio Tukey+grad,CHAIN,90.0,47,3343,71.128,151,0.3211,0.5271,0.8239,0
VID52_C3_1_02d00h00m,GAIN_FADE,log-ratio Tukey+grad,CHAIN,90.0,47,3734,79.447,111,0.3718,0.5817,0.7457,0
VID47_D3_1_09d20h00m,GAIN_FADE,log-ratio Tukey+grad,CHAIN,85.0,47,4140,88.085,108,0.4158,1.8340,2.0981,0
VID52_B6_1_02d00h00m,GAIN_FADE,log-ratio Tukey+grad,CHAIN,85.0,47,3437,73.128,51,0.2759,0.9187,1.2309,0
VID52_C3_1_02d00h00m,GAIN_FADE,log-ratio Tukey+grad,CHAIN,85.0,47,3718,79.106,128,0.4943,1.0161,1.4605,0
VID47_D3_1_09d20h00m,GAIN_FADE,log-ratio Tukey+grad,CHAIN,none,47,3125,66.489,82,1.3465,1.7661,2.0105,0
VID52_B6_1_02d00h00m,GAIN_FADE,log-ratio Tukey+grad,CHAIN,none,47,3437,73.128,40,0.3097,0.4632,0.5352,0
VID52_C3_1_02d00h00m,GAIN_FADE,log-ratio Tukey+grad,CHAIN,none,47,3484,74.128,299,0.1167,0.2287,0.4634,0
VID47_D3_1_09d20h00m,GAIN_FADE,log-ratio Tukey+grad,RCC,95.0,209,18953,90.684,215,0.0639,0.2785,0.5137,4
VID52_B6_1_02d00h00m,GAIN_FADE,log-ratio Tukey+grad,RCC,95.0,209,17187,82.234,486,0.0370,0.0876,0.1647,0
VID52_C3_1_02d00h00m,GAIN_FADE,log-ratio Tukey+grad,RCC,95.0,209,18265,87.392,282,0.0448,0.0779,0.2387,0
VID47_D3_1_09d20h00m,GAIN_FADE,log-ratio Tukey+grad,RCC,90.0,209,18796,89.933,581,0.0654,0.2701,0.3736,0
VID52_B6_1_02d00h00m,GAIN_FADE,log-ratio Tukey+grad,RCC,90.0,209,16343,78.196,478,0.0367,0.0803,0.2025,0
VID52_C3_1_02d00h00m,GAIN_FADE,log-ratio Tukey+grad,RCC,90.0,209,16843,80.589,511,0.0440,0.0994,0.2177,0
VID47_D3_1_09d20h00m,GAIN_FADE,log-ratio Tukey+grad,RCC,85.0,209,18375,87.919,355,0.0703,0.2650,0.5451,0
VID52_B6_1_02d00h00m,GAIN_FADE,log-ratio Tukey+grad,RCC,85.0,209,15687,75.057,405,0.0530,0.0894,0.1536,0
VID52_C3_1_02d00h00m,GAIN_FADE,log-ratio Tukey+grad,RCC,85.0,209,16937,81.038,113,0.0653,0.1282,0.2351,0
VID47_D3_1_09d20h00m,GAIN_FADE,log-ratio Tukey+grad,RCC,none,209,14218,68.029,146,0.0848,0.3169,0.5238,1
VID52_B6_1_02d00h00m,GAIN_FADE,log-ratio Tukey+grad,RCC,none,209,14921,71.392,568,0.0309,0.0772,0.1985,1
VID52_C3_1_02d00h00m,GAIN_FADE,log-ratio Tukey+grad,RCC,none,209,15796,75.579,185,0.0564,0.0955,0.1784,3
VID47_D3_1_09d20h00m,CHANGE_MOVED,log-ratio Tukey+grad,CHAIN,95.0,47,3796,80.766,16,0.1463,0.3175,0.4149,0
VID52_B6_1_02d00h00m,CHANGE_MOVED,log-ratio Tukey+grad,CHAIN,95.0,47,3203,68.149,13,0.1373,0.2351,0.3338,0
VID52_C3_1_02d00h00m,CHANGE_MOVED,log-ratio Tukey+grad,CHAIN,95.0,47,3312,70.468,89,0.4018,0.7072,0.8294,0
VID47_D3_1_09d20h00m,CHANGE_MOVED,log-ratio Tukey+grad,CHAIN,90.0,47,3718,79.106,40,0.2517,0.3942,0.4785,0
VID52_B6_1_02d00h00m,CHANGE_MOVED,log-ratio Tukey+grad,CHAIN,90.0,47,3203,68.149,38,0.1690,0.3042,0.4308,0
VID52_C3_1_02d00h00m,CHANGE_MOVED,log-ratio Tukey+grad,CHAIN,90.0,47,3296,70.128,22,0.6382,0.9135,1.0256,0
VID47_D3_1_09d20h00m,CHANGE_MOVED,log-ratio Tukey+grad,CHAIN,85.0,47,3030,64.468,73,0.3639,0.5023,0.5530,0
VID52_B6_1_02d00h00m,CHANGE_MOVED,log-ratio Tukey+grad,CHAIN,85.0,47,2921,62.149,59,0.2298,0.4067,0.5199,0
VID52_C3_1_02d00h00m,CHANGE_MOVED,log-ratio Tukey+grad,CHAIN,85.0,47,2906,61.830,31,0.8013,1.1476,1.2351,0
VID47_D3_1_09d20h00m,CHANGE_MOVED,log-ratio Tukey+grad,CHAIN,none,47,3203,68.149,24,0.8875,1.2627,1.3975,0
VID52_B6_1_02d00h00m,CHANGE_MOVED,log-ratio Tukey+grad,CHAIN,none,47,3031,64.489,92,0.1409,0.2736,0.3158,0
VID52_C3_1_02d00h00m,CHANGE_MOVED,log-ratio Tukey+grad,CHAIN,none,47,2890,61.489,108,0.1167,0.2146,0.3876,0
VID47_D3_1_09d20h00m,CHANGE_MOVED,log-ratio Tukey+grad,RCC,95.0,209,15046,71.990,292,0.0870,0.1266,0.1598,0
VID52_B6_1_02d00h00m,CHANGE_MOVED,log-ratio Tukey+grad,RCC,95.0,209,13531,64.742,250,0.0278,0.0536,0.0914,0
VID52_C3_1_02d00h00m,CHANGE_MOVED,log-ratio Tukey+grad,RCC,95.0,209,14718,70.421,725,0.0563,0.0869,0.1143,0
VID47_D3_1_09d20h00m,CHANGE_MOVED,log-ratio Tukey+grad,RCC,90.0,209,14968,71.617,162,0.0807,0.1271,0.1646,0
VID52_B6_1_02d00h00m,CHANGE_MOVED,log-ratio Tukey+grad,RCC,90.0,209,14156,67.732,68,0.0281,0.0602,0.0865,0
VID52_C3_1_02d00h00m,CHANGE_MOVED,log-ratio Tukey+grad,RCC,90.0,209,14374,68.775,223,0.0688,0.1025,0.1297,0
VID47_D3_1_09d20h00m,CHANGE_MOVED,log-ratio Tukey+grad,RCC,85.0,209,12062,57.713,108,0.0920,0.1332,0.1912,0
VID52_B6_1_02d00h00m,CHANGE_MOVED,log-ratio Tukey+grad,RCC,85.0,209,12906,61.751,252,0.0300,0.0608,0.1076,0
VID52_C3_1_02d00h00m,CHANGE_MOVED,log-ratio Tukey+grad,RCC,85.0,209,12937,61.900,124,0.0778,0.1114,0.1542,0
VID47_D3_1_09d20h00m,CHANGE_MOVED,log-ratio Tukey+grad,RCC,none,209,14061,67.278,210,0.0710,0.1305,0.2123,0
VID52_B6_1_02d00h00m,CHANGE_MOVED,log-ratio Tukey+grad,RCC,none,209,12906,61.751,206,0.0315,0.0516,0.0784,0
VID52_C3_1_02d00h00m,CHANGE_MOVED,log-ratio Tukey+grad,RCC,none,209,13765,65.861,141,0.0462,0.0655,0.0982,0
VID47_D3_1_09d20h00m,CHANGE_BLOCKS,log-ratio Huber,CHAIN,99.5,47,3202,68.128,107,90.7427,130.2383,149.5284,0
VID52_B6_1_02d00h00m,CHANGE_BLOCKS,log-ratio Huber,CHAIN,99.5,47,3953,84.106,30,7.7384,24.1461,31.5749,4
VID52_C3_1_02d00h00m,CHANGE_BLOCKS,log-ratio Huber,CHAIN,99.5,47,3781,80.447,80,15.0250,27.3059,31.7673,1
VID47_D3_1_09d20h00m,CHANGE_BLOCKS,log-ratio Huber,CHAIN,99.0,47,3609,76.787,47,109.3556,148.7308,156.3191,1
VID52_B6_1_02d00h00m,CHANGE_BLOCKS,log-ratio Huber,CHAIN,99.0,47,4593,97.723,66,4.8063,19.2744,30.0382,2
VID52_C3_1_02d00h00m,CHANGE_BLOCKS,log-ratio Huber,CHAIN,99.0,47,3843,81.766,18,8.4972,16.0875,19.9101,2
VID47_D3_1_09d20h00m,CHANGE_BLOCKS,log-ratio Huber,CHAIN,95.0,47,6000,127.660,72,59.9463,69.0607,77.9414,5
VID52_B6_1_02d00h00m,CHANGE_BLOCKS,log-ratio Huber,CHAIN,95.0,47,4734,100.723,97,2.5795,3.8644,4.6675,1
VID52_C3_1_02d00h00m,CHANGE_BLOCKS,log-ratio Huber,CHAIN,95.0,47,5656,120.340,85,1.4398,2.7994,3.2367,7
VID47_D3_1_09d20h00m,CHANGE_BLOCKS,log-ratio Huber,CHAIN,90.0,47,3968,84.426,179,1.0314,1.3012,2.3386,0
VID52_B6_1_02d00h00m,CHANGE_BLOCKS,log-ratio Huber,CHAIN,90.0,47,3562,75.787,31,0.5218,1.6887,1.8565,0
VID52_C3_1_02d00h00m,CHANGE_BLOCKS,log-ratio Huber,CHAIN,90.0,47,3406,72.468,166,1.9428,2.3497,3.1250,0
VID47_D3_1_09d20h00m,CHANGE_BLOCKS,log-ratio Huber,CHAIN,85.0,47,2750,58.511,41,0.2435,0.4145,0.5398,0
VID52_B6_1_02d00h00m,CHANGE_BLOCKS,log-ratio Huber,CHAIN,85.0,47,2468,52.511,139,0.2202,0.3019,0.3533,0
VID52_C3_1_02d00h00m,CHANGE_BLOCKS,log-ratio Huber,CHAIN,85.0,47,2406,51.191,172,0.3314,0.5329,0.6203,0
VID47_D3_1_09d20h00m,CHANGE_BLOCKS,log-ratio Huber,CHAIN,none,47,,,,74.0629,97.7623,111.4515,1
VID52_B6_1_02d00h00m,CHANGE_BLOCKS,log-ratio Huber,CHAIN,none,47,,,,7.6463,22.3140,27.7663,1
VID52_C3_1_02d00h00m,CHANGE_BLOCKS,log-ratio Huber,CHAIN,none,47,,,,10.8452,16.8425,20.7174,0
VID47_D3_1_09d20h00m,CHANGE_BLOCKS,log-ratio Huber,RCC,99.5,209,14968,71.617,921,9.3095,18.0202,24.7760,7
VID52_B6_1_02d00h00m,CHANGE_BLOCKS,log-ratio Huber,RCC,99.5,209,14875,71.172,324,2.1494,3.4410,5.9869,6
VID52_C3_1_02d00h00m,CHANGE_BLOCKS,log-ratio Huber,RCC,99.5,209,15531,74.311,294,4.5199,6.4737,8.7503,4
VID47_D3_1_09d20h00m,CHANGE_BLOCKS,log-ratio Huber,RCC,99.0,209,15296,73.187,157,9.2352,18.7672,25.9713,6
VID52_B6_1_02d00h00m,CHANGE_BLOCKS,log-ratio Huber,RCC,99.0,209,17562,84.029,353,2.0273,3.2894,5.0926,7
VID52_C3_1_02d00h00m,CHANGE_BLOCKS,log-ratio Huber,RCC,99.0,209,16156,77.301,218,4.4762,5.9942,9.0348,6
VID47_D3_1_09d20h00m,CHANGE_BLOCKS,log-ratio Huber,RCC,95.0,209,25843,123.651,280,5.9716,8.3323,10.2188,24
VID52_B6_1_02d00h00m,CHANGE_BLOCKS,log-ratio Huber,RCC,95.0,209,22453,107.431,258,0.5782,1.3882,1.7105,10
VID52_C3_1_02d00h00m,CHANGE_BLOCKS,log-ratio Huber,RCC,95.0,209,24546,117.445,354,2.6765,3.3609,4.2895,23
VID47_D3_1_09d20h00m,CHANGE_BLOCKS,log-ratio Huber,RCC,90.0,209,16780,80.287,215,0.4104,0.5098,0.5918,0
VID52_B6_1_02d00h00m,CHANGE_BLOCKS,log-ratio Huber,RCC,90.0,209,15031,71.919,77,0.0634,0.1251,0.2062,0
VID52_C3_1_02d00h00m,CHANGE_BLOCKS,log-ratio Huber,RCC,90.0,209,15968,76.402,543,0.3301,0.4905,0.5734,0
VID47_D3_1_09d20h00m,CHANGE_BLOCKS,log-ratio Huber,RCC,85.0,209,11109,53.153,417,0.0560,0.0900,0.1022,0
VID52_B6_1_02d00h00m,CHANGE_BLOCKS,log-ratio Huber,RCC,85.0,209,10328,49.416,441,0.0281,0.0526,0.0821,0
VID52_C3_1_02d00h00m,CHANGE_BLOCKS,log-ratio Huber,RCC,85.0,209,10625,50.837,327,0.0363,0.0668,0.0884,0
VID47_D3_1_09d20h00m,CHANGE_BLOCKS,log-ratio Huber,RCC,none,209,,,,10.1257,17.3229,23.9795,5
VID52_B6_1_02d00h00m,CHANGE_BLOCKS,log-ratio Huber,RCC,none,209,,,,2.6841,4.0116,6.1141,2
VID52_C3_1_02d00h00m,CHANGE_BLOCKS,log-ratio Huber,RCC,none,209,,,,4.3148,6.1490,8.2566,1
VID47_D3_1_09d20h00m,CHANGE_BLOCKS,log-ratio Tukey+grad,CHAIN,99.5,47,4390,93.404,88,74.0166,100.7718,118.6307,1
VID52_B6_1_02d00h00m,CHANGE_BLOCKS,log-ratio Tukey+grad,CHAIN,99.5,47,4390,93.404,78,5.0833,10.5376,16.4866,2
VID52_C3_1_02d00h00m,CHANGE_BLOCKS,log-ratio Tukey+grad,CHAIN,99.5,47,3468,73.787,41,17.5356,21.5941,23.6884,2
VID47_D3_1_09d20h00m,CHANGE_BLOCKS,log-ratio Tukey+grad,CHAIN,99.0,47,4046,86.085,35,85.9730,115.8278,121.7481,2
VID52_B6_1_02d00h00m,CHANGE_BLOCKS,log-ratio Tukey+grad,CHAIN,99.0,47,4031,85.766,14,5.6302,19.3672,29.7979,2
VID52_C3_1_02d00h00m,CHANGE_BLOCKS,log-ratio Tukey+grad,CHAIN,99.0,47,3562,75.787,40,18.4833,31.0907,33.6106,2
VID47_D3_1_09d20h00m,CHANGE_BLOCKS,log-ratio Tukey+grad,CHAIN,95.0,47,4375,93.085,80,45.4165,49.0765,51.9662,1
VID52_B6_1_02d00h00m,CHANGE_BLOCKS,log-ratio Tukey+grad,CHAIN,95.0,47,4062,86.426,105,0.5817,13.4968,13.6012,0
VID52_C3_1_02d00h00m,CHANGE_BLOCKS,log-ratio Tukey+grad,CHAIN,95.0,47,3875,82.447,20,3.7421,5.8819,6.0377,1
VID47_D3_1_09d20h00m,CHANGE_BLOCKS,log-ratio Tukey+grad,CHAIN,90.0,47,3406,72.468,62,0.4208,0.6247,0.7834,0
VID52_B6_1_02d00h00m,CHANGE_BLOCKS,log-ratio Tukey+grad,CHAIN,90.0,47,2375,50.532,46,0.3329,0.4319,0.5157,0
VID52_C3_1_02d00h00m,CHANGE_BLOCKS,log-ratio Tukey+grad,CHAIN,90.0,47,2578,54.851,30,0.1726,0.2812,0.3779,0
VID47_D3_1_09d20h00m,CHANGE_BLOCKS,log-ratio Tukey+grad,CHAIN,85.0,47,3000,63.830,75,0.7422,1.0091,1.1574,0
VID52_B6_1_02d00h00m,CHANGE_BLOCKS,log-ratio Tukey+grad,CHAIN,85.0,47,2578,54.851,25,0.1146,0.1883,0.2412,0
VID52_C3_1_02d00h00m,CHANGE_BLOCKS,log-ratio Tukey+grad,CHAIN,85.0,47,2593,55.170,38,0.3025,0.4667,0.5449,0
VID47_D3_1_09d20h00m,CHANGE_BLOCKS,log-ratio Tukey+grad,CHAIN,none,47,,,,59.8041,71.7546,91.5425,1
VID52_B6_1_02d00h00m,CHANGE_BLOCKS,log-ratio Tukey+grad,CHAIN,none,47,,,,7.7646,14.4826,18.1383,3
VID52_C3_1_02d00h00m,CHANGE_BLOCKS,log-ratio Tukey+grad,CHAIN,none,47,,,,5.5616,16.5096,22.9258,1
VID47_D3_1_09d20h00m,CHANGE_BLOCKS,log-ratio Tukey+grad,RCC,99.5,209,16687,79.842,111,7.7222,15.0344,21.8270,5
VID52_B6_1_02d00h00m,CHANGE_BLOCKS,log-ratio Tukey+grad,RCC,99.5,209,16718,79.990,138,1.2970,3.0444,4.8467,5
VID52_C3_1_02d00h00m,CHANGE_BLOCKS,log-ratio Tukey+grad,RCC,99.5,209,15343,73.411,219,4.5014,6.1677,8.0221,3
VID47_D3_1_09d20h00m,CHANGE_BLOCKS,log-ratio Tukey+grad,RCC,99.0,209,14765,70.646,215,7.8002,17.2035,25.6212,5
VID52_B6_1_02d00h00m,CHANGE_BLOCKS,log-ratio Tukey+grad,RCC,99.0,209,16421,78.569,120,1.2948,2.7793,3.5534,4
VID52_C3_1_02d00h00m,CHANGE_BLOCKS,log-ratio Tukey+grad,RCC,99.0,209,15578,74.536,127,5.2626,6.7753,9.1745,4
VID47_D3_1_09d20h00m,CHANGE_BLOCKS,log-ratio Tukey+grad,RCC,95.0,209,18812,90.010,238,2.6847,6.5695,9.6575,4
VID52_B6_1_02d00h00m,CHANGE_BLOCKS,log-ratio Tukey+grad,RCC,95.0,209,16312,78.048,168,0.1399,0.2998,0.8762,1
VID52_C3_1_02d00h00m,CHANGE_BLOCKS,log-ratio Tukey+grad,RCC,95.0,209,17531,83.880,253,1.1112,1.4228,2.0921,5
VID47_D3_1_09d20h00m,CHANGE_BLOCKS,log-ratio Tukey+grad,RCC,90.0,209,12781,61.153,43,0.0775,0.1706,0.7037,0
VID52_B6_1_02d00h00m,CHANGE_BLOCKS,log-ratio Tukey+grad,RCC,90.0,209,11203,53.603,146,0.0411,0.0608,0.1019,0
VID52_C3_1_02d00h00m,CHANGE_BLOCKS,log-ratio Tukey+grad,RCC,90.0,209,11750,56.220,378,0.0470,0.0761,0.1084,0
VID47_D3_1_09d20h00m,CHANGE_BLOCKS,log-ratio Tukey+grad,RCC,85.0,209,12124,58.010,195,0.0522,0.0876,0.0954,0
VID52_B6_1_02d00h00m,CHANGE_BLOCKS,log-ratio Tukey+grad,RCC,85.0,209,11062,52.928,217,0.0219,0.0524,0.0832,0
VID52_C3_1_02d00h00m,CHANGE_BLOCKS,log-ratio Tukey+grad,RCC,85.0,209,10828,51.809,158,0.0339,0.0652,0.0891,0
VID47_D3_1_09d20h00m,CHANGE_BLOCKS,log-ratio Tukey+grad,RCC,none,209,,,,7.7712,15.6248,22.5215,5
VID52_B6_1_02d00h00m,CHANGE_BLOCKS,log-ratio Tukey+grad,RCC,none,209,,,,1.7981,3.7634,5.2733,3
VID52_C3_1_02d00h00m,CHANGE_BLOCKS,log-ratio Tukey+grad,RCC,none,209,,,,4.6947,6.4233,8.6971,2
VID47_D3_1_09d20h00m,CHANGE_BLOCKS,log-ratio least sq (Woods),CHAIN,99.5,47,4515,96.064,62,93.9472,148.2029,166.2222,4
VID52_B6_1_02d00h00m,CHANGE_BLOCKS,log-ratio least sq (Woods),CHAIN,99.5,47,4718,100.383,99,18.1011,27.6407,33.6214,8
VID52_C3_1_02d00h00m,CHANGE_BLOCKS,log-ratio least sq (Woods),CHAIN,99.5,47,5671,120.660,86,19.9575,36.2007,43.5457,6
VID47_D3_1_09d20h00m,CHANGE_BLOCKS,log-ratio least sq (Woods),CHAIN,99.0,47,4437,94.404,35,121.1478,168.5601,176.4343,4
VID52_B6_1_02d00h00m,CHANGE_BLOCKS,log-ratio least sq (Woods),CHAIN,99.0,47,6031,128.319,34,16.8040,25.4344,32.0866,6
VID52_C3_1_02d00h00m,CHANGE_BLOCKS,log-ratio least sq (Woods),CHAIN,99.0,47,6750,143.617,123,14.9156,29.3460,39.3479,4
VID47_D3_1_09d20h00m,CHANGE_BLOCKS,log-ratio least sq (Woods),CHAIN,95.0,47,3515,74.787,19,71.0584,85.2540,93.4151,0
VID52_B6_1_02d00h00m,CHANGE_BLOCKS,log-ratio least sq (Woods),CHAIN,95.0,47,3765,80.106,40,7.1873,12.5426,14.9453,0
VID52_C3_1_02d00h00m,CHANGE_BLOCKS,log-ratio least sq (Woods),CHAIN,95.0,47,3828,81.447,44,5.5107,8.3819,12.3148,0
VID47_D3_1_09d20h00m,CHANGE_BLOCKS,log-ratio least sq (Woods),CHAIN,90.0,47,3015,64.149,44,3.0110,5.4066,5.7453,0
VID52_B6_1_02d00h00m,CHANGE_BLOCKS,log-ratio least sq (Woods),CHAIN,90.0,47,2828,60.170,48,1.2679,2.0384,2.7609,0
VID52_C3_1_02d00h00m,CHANGE_BLOCKS,log-ratio least sq (Woods),CHAIN,90.0,47,2687,57.170,50,1.9867,4.8970,5.7149,0
VID47_D3_1_09d20h00m,CHANGE_BLOCKS,log-ratio least sq (Woods),CHAIN,85.0,47,2531,53.851,149,0.2156,0.5919,0.7299,0
VID52_B6_1_02d00h00m,CHANGE_BLOCKS,log-ratio least sq (Woods),CHAIN,85.0,47,2296,48.851,90,0.7262,0.8265,0.8770,0
VID52_C3_1_02d00h00m,CHANGE_BLOCKS,log-ratio least sq (Woods),CHAIN,85.0,47,2062,43.872,36,0.9956,1.2385,1.4754,0
VID47_D3_1_09d20h00m,CHANGE_BLOCKS,log-ratio least sq (Woods),CHAIN,none,47,,,,91.3331,127.2861,136.5556,3
VID52_B6_1_02d00h00m,CHANGE_BLOCKS,log-ratio least sq (Woods),CHAIN,none,47,,,,11.2595,21.8293,23.9246,3
VID52_C3_1_02d00h00m,CHANGE_BLOCKS,log-ratio least sq (Woods),CHAIN,none,47,,,,15.2626,22.4255,28.7074,6
VID47_D3_1_09d20h00m,CHANGE_BLOCKS,log-ratio least sq (Woods),RCC,99.5,209,18311,87.612,161,11.7021,17.0832,23.0746,16
VID52_B6_1_02d00h00m,CHANGE_BLOCKS,log-ratio least sq (Woods),RCC,99.5,209,21327,102.043,182,2.7052,3.8537,5.9403,25
VID52_C3_1_02d00h00m,CHANGE_BLOCKS,log-ratio least sq (Woods),RCC,99.5,209,23171,110.866,217,5.9138,8.4395,10.8642,30
VID47_D3_1_09d20h00m,CHANGE_BLOCKS,log-ratio least sq (Woods),RCC,99.0,209,21124,101.072,324,11.5461,16.4891,24.6330,19
VID52_B6_1_02d00h00m,CHANGE_BLOCKS,log-ratio least sq (Woods),RCC,99.0,209,25671,122.828,457,2.5285,4.0648,4.8708,24
VID52_C3_1_02d00h00m,CHANGE_BLOCKS,log-ratio least sq (Woods),RCC,99.0,209,27203,130.158,465,5.1675,7.8935,10.9222,14
VID47_D3_1_09d20h00m,CHANGE_BLOCKS,log-ratio least sq (Woods),RCC,95.0,209,15187,72.665,165,9.8604,12.6332,13.8068,0
VID52_B6_1_02d00h00m,CHANGE_BLOCKS,log-ratio least sq (Woods),RCC,95.0,209,16093,77.000,241,1.8479,3.1621,4.3903,0
VID52_C3_1_02d00h00m,CHANGE_BLOCKS,log-ratio least sq (Woods),RCC,95.0,209,16437,78.646,620,6.6987,7.9511,8.9090,0
VID47_D3_1_09d20h00m,CHANGE_BLOCKS,log-ratio least sq (Woods),RCC,90.0,209,12125,58.014,60,1.6406,1.9664,2.2771,0
VID52_B6_1_02d00h00m,CHANGE_BLOCKS,log-ratio least sq (Woods),RCC,90.0,209,12125,58.014,80,0.2972,0.5351,0.7411,0
VID52_C3_1_02d00h00m,CHANGE_BLOCKS,log-ratio least sq (Woods),RCC,90.0,209,11562,55.321,126,0.8145,1.3099,1.6773,0
VID47_D3_1_09d20h00m,CHANGE_BLOCKS,log-ratio least sq (Woods),RCC,85.0,209,10062,48.144,269,0.1878,0.2339,0.2799,0
VID52_B6_1_02d00h00m,CHANGE_BLOCKS,log-ratio least sq (Woods),RCC,85.0,209,9046,43.282,219,0.0641,0.1013,0.1298,0
VID52_C3_1_02d00h00m,CHANGE_BLOCKS,log-ratio least sq (Woods),RCC,85.0,209,9359,44.780,183,0.0541,0.1144,0.3202,0
VID47_D3_1_09d20h00m,CHANGE_BLOCKS,log-ratio least sq (Woods),RCC,none,209,,,,11.5355,17.7560,23.7116,9
VID52_B6_1_02d00h00m,CHANGE_BLOCKS,log-ratio least sq (Woods),RCC,none,209,,,,2.8451,4.1055,6.3420,14
VID52_C3_1_02d00h00m,CHANGE_BLOCKS,log-ratio least sq (Woods),RCC,none,209,,,,6.0880,8.5884,10.1062,12
