seed,condition,estimator,reconciliation,frames,pairs,estimate_cpu_ms,cpu_ms_per_pair,median_err_px,p90_err_px,max_err_px
VID47_D3_1_09d20h00m,CLEAN,TurboReg (StackReg engine),CHAIN,48,47,531,11.298,0.4691,0.5406,0.5876
VID47_D3_1_09d20h00m,CLEAN,TurboReg (StackReg engine),RCC,48,209,1250,5.981,0.0634,0.1332,0.1558
VID47_D3_1_09d20h00m,GAIN_FADE,TurboReg (StackReg engine),CHAIN,48,47,218,4.638,4.5757,12.1082,16.1342
VID47_D3_1_09d20h00m,GAIN_FADE,TurboReg (StackReg engine),RCC,48,209,843,4.033,23.1732,40.2645,43.9229
VID47_D3_1_09d20h00m,CHANGE_BLOCKS,TurboReg (StackReg engine),CHAIN,48,47,203,4.319,20.9757,62.4246,79.7127
VID47_D3_1_09d20h00m,CHANGE_BLOCKS,TurboReg (StackReg engine),RCC,48,209,968,4.632,6.9895,12.2530,16.6738
VID47_D3_1_09d20h00m,CHANGE_MOVED,TurboReg (StackReg engine),CHAIN,48,47,218,4.638,0.4198,0.6036,0.6363
VID47_D3_1_09d20h00m,CHANGE_MOVED,TurboReg (StackReg engine),RCC,48,209,734,3.512,0.0540,0.1217,0.1474
VID52_B6_1_02d00h00m,CLEAN,TurboReg (StackReg engine),CHAIN,48,47,328,6.979,0.2319,0.5496,0.5800
VID52_B6_1_02d00h00m,CLEAN,TurboReg (StackReg engine),RCC,48,209,953,4.560,0.0647,0.0966,0.1336
VID52_B6_1_02d00h00m,GAIN_FADE,TurboReg (StackReg engine),CHAIN,48,47,187,3.979,0.2142,0.3559,0.4115
VID52_B6_1_02d00h00m,GAIN_FADE,TurboReg (StackReg engine),RCC,48,209,968,4.632,0.1113,0.2917,0.4600
VID52_B6_1_02d00h00m,CHANGE_BLOCKS,TurboReg (StackReg engine),CHAIN,48,47,250,5.319,38.3044,60.9285,71.3675
VID52_B6_1_02d00h00m,CHANGE_BLOCKS,TurboReg (StackReg engine),RCC,48,209,1093,5.230,7.5838,11.5971,12.5687
VID52_B6_1_02d00h00m,CHANGE_MOVED,TurboReg (StackReg engine),CHAIN,48,47,140,2.979,0.2982,0.6407,0.8063
VID52_B6_1_02d00h00m,CHANGE_MOVED,TurboReg (StackReg engine),RCC,48,209,1218,5.828,0.0525,0.0865,0.1212
VID52_C3_1_02d00h00m,CLEAN,TurboReg (StackReg engine),CHAIN,48,47,328,6.979,0.3348,0.4781,0.6734
VID52_C3_1_02d00h00m,CLEAN,TurboReg (StackReg engine),RCC,48,209,984,4.708,0.0641,0.0849,0.1015
VID52_C3_1_02d00h00m,GAIN_FADE,TurboReg (StackReg engine),CHAIN,48,47,187,3.979,0.2635,0.5245,0.6721
VID52_C3_1_02d00h00m,GAIN_FADE,TurboReg (StackReg engine),RCC,48,209,984,4.708,0.0852,0.2306,0.3683
VID52_C3_1_02d00h00m,CHANGE_BLOCKS,TurboReg (StackReg engine),CHAIN,48,47,171,3.638,24.2667,36.1347,52.3018
VID52_C3_1_02d00h00m,CHANGE_BLOCKS,TurboReg (StackReg engine),RCC,48,209,968,4.632,8.1529,12.1605,14.7480
VID52_C3_1_02d00h00m,CHANGE_MOVED,TurboReg (StackReg engine),CHAIN,48,47,156,3.319,0.1478,0.2762,0.3543
VID52_C3_1_02d00h00m,CHANGE_MOVED,TurboReg (StackReg engine),RCC,48,209,796,3.809,0.0963,0.1368,0.1822
